n_postergados,productos_postergados,costo_esperado,ahorro_vs_base,pct_ahorro_total
5,(1,1) (1,2) (1,3) (2,1) (2,2),617164,0.6783,1.0000
4,(1,1) (1,2) (1,3) (2,1),704616,0.6327,0.9328
4,(1,1) (1,2) (1,3) (2,2),710050,0.6299,0.9286
3,(1,1) (1,2) (1,3),793479,0.5864,0.8645
4,(1,1) (1,2) (2,1) (2,2),894816,0.5335,0.7866
3,(1,1) (1,2) (2,1),982268,0.4879,0.7194
3,(1,1) (1,2) (2,2),987702,0.4851,0.7152
4,(1,2) (1,3) (2,1) (2,2),1001542,0.4779,0.7046
2,(1,1) (1,2),1071131,0.4416,0.6511
3,(1,2) (1,3) (2,1),1088993,0.4323,0.6374
3,(1,2) (1,3) (2,2),1094428,0.4295,0.6332
2,(1,2) (1,3),1177856,0.3860,0.5691
4,(1,1) (1,3) (2,1) (2,2),1362979,0.2895,0.4268
3,(1,1) (1,3) (2,1),1450431,0.2439,0.3596
3,(1,1) (1,3) (2,2),1455865,0.2411,0.3554
2,(1,1) (1,3),1539294,0.1976,0.2913
3,(1,1) (2,1) (2,2),1579596,0.1766,0.2603
3,(1,3) (2,1) (2,2),1590456,0.1709,0.2520
3,(1,2) (2,1) (2,2),1598319,0.1668,0.2459
2,(1,1) (2,1),1667048,0.1310,0.1931
2,(1,1) (2,2),1672482,0.1281,0.1889
2,(1,3) (2,1),1677907,0.1253,0.1848
2,(1,3) (2,2),1683342,0.1225,0.1806
2,(1,2) (2,1),1685770,0.1212,0.1787
2,(1,2) (2,2),1691205,0.1184,0.1745
2,(2,1) (2,2),1741988,0.0919,0.1355
1,(1,1),1755911,0.0847,0.1248
1,(1,3),1766770,0.0790,0.1165
1,(1,2),1774633,0.0749,0.1104
1,(2,1),1829439,0.0463,0.0683
1,(2,2),1834874,0.0435,0.0641
0,ninguno,1918302,0.0000,0.0000
