Horas;Costo Postergación;Backorders Postergación;Costo MTO;Backorders MTO;Costo MTS;Backorders MTS;Ahorro vs MTS ($);Ahorro vs MTS (%);Ahorro vs MTO ($);Ahorro vs MTO (%)
84;617164,27;0,0;1861097600,0;124072,17;1918302,4;0,0;1301138,13;67,83;1860480435,73;99,97
77;618514,27;0,0;1861097600,0;124072,17;1918302,4;0,0;1299788,13;67,76;1860479085,73;99,97
70;621214,27;0,0;1921751814,29;128115,79;1918302,4;0,0;1297088,13;67,62;1921130600,02;99,97
63;623914,27;0,0;2010144221,43;134008,64;75565205,97;4926,21;74941291,7;99,17;2009520307,16;99,97
56;659089,73;0,0;2122644221,43;141508,64;272584689,57;18084,41;271925599,84;99,76;2121985131,7;99,97
49;10637754,45;651,21;2286628914,29;152440,99;659336246,38;43908,72;648698491,93;98,39;2275991159,83;99,53
42;372623992,07;24809,76;2516985457,14;167798,13;1240132205,02;82637,99;867508212,95;69,95;2144361465,08;85,2
35;1057259880,35;70455,65;2782972550,0;185530,67;1942331322,63;129468,64;885071442,28;45,57;1725712669,65;62,01
28;1970766376,25;131373,3;3081790507,14;205451,93;2720994322,36;181386,72;750227946,11;27,57;1111024130,9;36,05
21;3123594643,05;208228,3;3796336935,71;253088,56;3628334016,03;241876,77;504739372,98;13,91;672742292,67;17,72
