Productos postergados;N°;Costo 84h;Costo 42h;% del ahorro máx. 84h;% del ahorro máx. 42h
Ninguno;0;1918302,4;1240132205,02;0,0;0,0
(1, 1), (1, 2);2;1071131,15;615311528,96;65,11;72,02
(1, 2), (1, 3);2;1177856,33;795398751,55;56,91;51,27
(1, 1), (1, 3);2;1539293,98;769497506,26;29,13;54,25
(2, 1), (2, 2);2;1741987,63;879083683,01;13,55;41,62
(1, 1), (1, 2), (1, 3);3;793479,03;465392223,8;86,45;89,31
(1, 1), (1, 2), (2, 1), (2, 2);4;894816,38;387003424,44;78,66;98,34
(1, 2), (1, 3), (2, 1), (2, 2);4;1001541,57;523911477,58;70,46;82,56
(1, 1), (1, 3), (2, 1), (2, 2);4;1362979,22;622200596,58;42,68;71,23
(1, 1), (1, 2), (1, 3), (2, 1), (2, 2);5;617164,27;372623992,07;100,0;100,0
